행정구역(구동)별(1),행정구역(구동)별(2),연령별(1),2018,2019,2020,,,
장안구,소계,합계,286433,278377,273661,,,
장안구,소계,0∼4세,9522,8210,7115,54617,50698,46992
장안구,소계,5∼9세,12724,11882,11226,,,
장안구,소계,10∼14세,14241,13622,13372,,,
장안구,소계,15∼19세,18130,16984,15279,,,
장안구,소계,20∼24세,23831,22957,22218,82609,78711,76666
장안구,소계,25∼29세,21535,21431,21781,,,
장안구,소계,30∼34세,16235,15555,15301,,,
장안구,소계,35∼39세,21008,18768,17366,,,
장안구,소계,40∼44세,22286,21071,20313,99489,96755,94579
장안구,소계,45∼49세,27735,26333,25000,,,
장안구,소계,50∼54세,25977,26018,26128,,,
장안구,소계,55∼59세,23491,23333,23138,,,
장안구,소계,60∼64세,16541,17634,18767,49718,52213,55424
장안구,소계,65∼69세,10328,10901,11972,,,
장안구,소계,70∼74 세,8138,8431,8827,,,
장안구,소계,75∼79세,6840,6868,6976,,,
장안구,소계,80∼84세,4534,4778,4918,,,
장안구,소계,85세이상,3337,3601,3964,,,
장안구,파장동,합계,24548,23987,23611,,,
장안구,파장동,0∼4세,816,675,591,3840,3562,3244
장안구,파장동,5∼9세,918,871,789,,,
장안구,파장동,10∼14세,860,866,854,,,
장안구,파장동,15∼19세,1246,1150,1010,,,
장안구,파장동,20∼24세,1757,1645,1587,6927,6528,6386
장안구,파장동,25∼29세,1842,1803,1827,,,
장안구,파장동,30∼34세,1531,1458,1442,,,
장안구,파장동,35∼39세,1797,1622,1530,,,
장안구,파장동,40∼44세,1837,1743,1661,8595,8340,8100
장안구,파장동,45∼49세,2197,2138,2031,,,
장안구,파장동,50∼54세,2227,2194,2225,,,
장안구,파장동,55∼59세,2334,2265,2183,,,
장안구,파장동,60∼64세,1769,1912,2028,5186,5557,5881
장안구,파장동,65∼69세,1112,1184,1300,,,
장안구,파장동,70∼74 세,864,924,978,,,
장안구,파장동,75∼79세,675,717,698,,,
장안구,파장동,80∼84세,448,464,505,,,
장안구,파장동,85세이상,318,356,372,,,
장안구,율천동,합계,44821,43984,43147,,,
장안구,율천동,0∼4세,1676,1438,1265,8549,8028,7322
장안구,율천동,5∼9세,2017,1910,1884,,,
장안구,율천동,10∼14세,2019,1928,1880,,,
장안구,율천동,15∼19세,2837,2752,2293,,,
장안구,율천동,20∼24세,5579,5668,5345,16574,16236,15944
장안구,율천동,25∼29세,4515,4568,4749,,,
장안구,율천동,30∼34세,3003,2893,2934,,,
장안구,율천동,35∼39세,3477,3107,2916,,,
장안구,율천동,40∼44세,3266,3099,3068,13863,13547,13317
장안구,율천동,45∼49세,3910,3727,3463,,,
장안구,율천동,50∼54세,3624,3703,3729,,,
장안구,율천동,55∼59세,3063,3018,3057,,,
장안구,율천동,60∼64세,2025,2203,2372,5835,6173,6564
장안구,율천동,65∼69세,1246,1293,1391,,,
장안구,율천동,70∼74 세,852,878,955,,,
장안구,율천동,75∼79세,793,797,792,,,
장안구,율천동,80∼84세,549,584,597,,,
장안구,율천동,85세이상,370,418,457,,,
장안구,정자1동,합계,31758,30675,29813,,,
장안구,정자1동,0∼4세,1253,1073,942,6993,6521,6065
장안구,정자1동,5∼9세,1818,1700,1587,,,
장안구,정자1동,10∼14세,1847,1784,1712,,,
장안구,정자1동,15∼19세,2075,1964,1824,,,
장안구,정자1동,20∼24세,2346,2199,2100,8555,8034,7628
장안구,정자1동,25∼29세,2080,2098,2049,,,
장안구,정자1동,30∼34세,1594,1537,1486,,,
장안구,정자1동,35∼39세,2535,2200,1993,,,
장안구,정자1동,40∼44세,2773,2546,2441,11314,11022,10745
장안구,정자1동,45∼49세,3287,3113,3013,,,
장안구,정자1동,50∼54세,2857,2938,2936,,,
장안구,정자1동,55∼59세,2397,2425,2355,,,
장안구,정자1동,60∼64세,1693,1792,1847,4896,5098,5375
장안구,정자1동,65∼69세,1012,1036,1178,,,
장안구,정자1동,70∼74 세,788,827,848,,,
장안구,정자1동,75∼79세,630,645,644,,,
장안구,정자1동,80∼84세,438,458,473,,,
장안구,정자1동,85세이상,335,340,385,,,
장안구,정자2동,합계,31214,30416,30060,,,
장안구,정자2동,0∼4세,1063,932,781,6019,5535,5146
장안구,정자2동,5∼9세,1310,1215,1198,,,
장안구,정자2동,10∼14세,1553,1464,1402,,,
장안구,정자2동,15∼19세,2093,1924,1765,,,
장안구,정자2동,20∼24세,2294,2206,2168,8599,8199,8018
장안구,정자2동,25∼29세,2195,2182,2196,,,
장안구,정자2동,30∼34세,1786,1698,1708,,,
장안구,정자2동,35∼39세,2324,2113,1946,,,
장안구,정자2동,40∼44세,2433,2352,2231,10912,10671,10505
장안구,정자2동,45∼49세,3105,2906,2832,,,
장안구,정자2동,50∼54세,2864,2884,2866,,,
장안구,정자2동,55∼59세,2510,2529,2576,,,
장안구,정자2동,60∼64세,1767,1902,2014,5684,6011,6391
장안구,정자2동,65∼69세,1200,1253,1388,,,
장안구,정자2동,70∼74 세,980,1022,1075,,,
장안구,정자2동,75∼79세,858,869,909,,,
장안구,정자2동,80∼84세,524,581,589,,,
장안구,정자2동,85세이상,355,384,416,,,
장안구,정자3동,합계,44169,43465,42795,,,
장안구,정자3동,0∼4세,1505,1372,1189,11858,11304,10648
장안구,정자3동,5∼9세,2819,2641,2477,,,
장안구,정자3동,10∼14세,3630,3524,3448,,,
장안구,정자3동,15∼19세,3904,3767,3534,,,
장안구,정자3동,20∼24세,3604,3530,3503,11292,10950,10685
장안구,정자3동,25∼29세,2681,2669,2738,,,
장안구,정자3동,30∼34세,1843,1906,1877,,,
장안구,정자3동,35∼39세,3164,2845,2567,,,
장안구,정자3동,40∼44세,4471,4225,4002,16746,16630,16503
장안구,정자3동,45∼49세,5423,5262,4996,,,
장안구,정자3동,50∼54세,4042,4208,4457,,,
장안구,정자3동,55∼59세,2810,2935,3048,,,
장안구,정자3동,60∼64세,1462,1642,1838,4273,4581,4959
장안구,정자3동,65∼69세,801,877,961,,,
장안구,정자3동,70∼74 세,673,692,742,,,
장안구,정자3동,75∼79세,613,602,607,,,
장안구,정자3동,80∼84세,441,453,465,,,
장안구,정자3동,85세이상,283,315,346,,,
장안구,영화동,합계,21082,20642,20340,,,
장안구,영화동,0∼4세,528,435,367,2508,2301,2077
장안구,영화동,5∼9세,542,528,493,,,
장안구,영화동,10∼14세,563,539,556,,,
장안구,영화동,15∼19세,875,799,661,,,
장안구,영화동,20∼24세,1246,1184,1164,5728,5396,5229
장안구,영화동,25∼29세,1575,1566,1570,,,
장안구,영화동,30∼34세,1327,1229,1169,,,
장안구,영화동,35∼39세,1580,1417,1326,,,
장안구,영화동,40∼44세,1411,1363,1329,7458,7233,6929
장안구,영화동,45∼49세,1795,1728,1604,,,
장안구,영화동,50∼54세,1979,1906,1889,,,
장안구,영화동,55∼59세,2273,2236,2107,,,
장안구,영화동,60∼64세,1803,1924,2048,5388,5712,6105
장안구,영화동,65∼69세,1224,1312,1451,,,
장안구,영화동,70∼74 세,974,1027,1048,,,
장안구,영화동,75∼79세,692,689,732,,,
장안구,영화동,80∼84세,417,464,484,,,
장안구,영화동,85세이상,278,296,342,,,
장안구,송죽동,합계,20437,19907,19673,,,
장안구,송죽동,0∼4세,710,599,498,3400,3089,2885
장안구,송죽동,5∼9세,697,674,641,,,
장안구,송죽동,10∼14세,870,780,770,,,
장안구,송죽동,15∼19세,1123,1036,976,,,
장안구,송죽동,20∼24세,1491,1459,1385,6167,5876,5692
장안구,송죽동,25∼29세,1550,1604,1659,,,
장안구,송죽동,30∼34세,1467,1330,1268,,,
장안구,송죽동,35∼39세,1659,1483,1380,,,
장안구,송죽동,40∼44세,1482,1429,1402,7040,6842,6734
장안구,송죽동,45∼49세,1834,1732,1654,,,
장안구,송죽동,50∼54세,1859,1850,1838,,,
장안구,송죽동,55∼59세,1865,1831,1840,,,
장안구,송죽동,60∼64세,1397,1503,1581,3830,4100,4362
장안구,송죽동,65∼69세,814,880,944,,,
장안구,송죽동,70∼74 세,590,612,669,,,
장안구,송죽동,75∼79세,490,514,539,,,
장안구,송죽동,80∼84세,321,329,347,,,
장안구,송죽동,85세이상,218,262,282,,,
장안구,조원1동,합계,29998,29317,28771,,,
장안구,조원1동,0∼4세,823,703,592,5188,4727,4330
장안구,조원1동,5∼9세,1159,1007,924,,,
장안구,조원1동,10∼14세,1346,1278,1262,,,
장안구,조원1동,15∼19세,1860,1739,1552,,,
장안구,조원1동,20∼24세,2358,2211,2143,8216,7840,7597
장안구,조원1동,25∼29세,2217,2215,2199,,,
장안구,조원1동,30∼34세,1640,1616,1592,,,
장안구,조원1동,35∼39세,2001,1798,1663,,,
장안구,조원1동,40∼44세,2165,2028,1928,10490,10297,9994
장안구,조원1동,45∼49세,2846,2719,2569,,,
장안구,조원1동,50∼54세,2820,2845,2854,,,
장안구,조원1동,55∼59세,2659,2705,2643,,,
장안구,조원1동,60∼64세,1960,2094,2248,6104,6453,6850
장안구,조원1동,65∼69세,1242,1349,1490,,,
장안구,조원1동,70∼74 세,1020,1081,1092,,,
장안구,조원1동,75∼79세,847,861,891,,,
장안구,조원1동,80∼84세,591,591,607,,,
장안구,조원1동,85세이상,444,477,522,,,
장안구,조원2동,합계,19865,19461,19137,,,
장안구,조원2동,0∼4세,724,637,570,3981,3737,3509
장안구,조원2동,5∼9세,981,929,855,,,
장안구,조원2동,10∼14세,1005,992,1011,,,
장안구,조원2동,15∼19세,1271,1179,1073,,,
장안구,조원2동,20∼24세,1733,1575,1470,5444,5207,5026
장안구,조원2동,25∼29세,1476,1509,1517,,,
장안구,조원2동,30∼34세,976,959,949,,,
장안구,조원2동,35∼39세,1259,1164,1090,,,
장안구,조원2동,40∼44세,1364,1304,1281,7055,6913,6764
장안구,조원2동,45∼49세,1819,1727,1652,,,
장안구,조원2동,50∼54세,2079,2033,1938,,,
장안구,조원2동,55∼59세,1793,1849,1893,,,
장안구,조원2동,60∼64세,1090,1205,1328,3385,3604,3838
장안구,조원2동,65∼69세,619,665,716,,,
장안구,조원2동,70∼74 세,502,529,572,,,
장안구,조원2동,75∼79세,483,473,449,,,
장안구,조원2동,80∼84세,359,384,369,,,
장안구,조원2동,85세이상,332,348,404,,,
장안구,연무동,합계,18541,16523,16314,,,
장안구,연무동,0∼4세,424,346,320,2281,1894,1766
장안구,연무동,5∼9세,463,407,378,,,
장안구,연무동,10∼14세,548,467,477,,,
장안구,연무동,15∼19세,846,674,591,,,
장안구,연무동,20∼24세,1423,1280,1353,5107,4445,4461
장안구,연무동,25∼29세,1404,1217,1277,,,
장안구,연무동,30∼34세,1068,929,876,,,
장안구,연무동,35∼39세,1212,1019,955,,,
장안구,연무동,40∼44세,1084,982,970,6016,5260,4988
장안구,연무동,45∼49세,1519,1281,1186,,,
장안구,연무동,50∼54세,1626,1457,1396,,,
장안구,연무동,55∼59세,1787,1540,1436,,,
장안구,연무동,60∼64세,1575,1457,1463,5137,4924,5099
장안구,연무동,65∼69세,1058,1052,1153,,,
장안구,연무동,70∼74 세,895,839,848,,,
장안구,연무동,75∼79세,759,701,715,,,
장안구,연무동,80∼84세,446,470,482,,,
장안구,연무동,85세이상,404,405,438,,,
권선구,소계,합계,377647,371754,368645,,,
권선구,소계,0∼4세,18249,16274,14355,73440,69459,65991
권선구,소계,5∼9세,18686,18385,18157,,,
권선구,소계,10∼14세,16548,16178,16481,,,
권선구,소계,15∼19세,19957,18622,16998,,,
권선구,소계,20∼24세,26673,25534,24430,121172,116217,112666
권선구,소계,25∼29세,29824,29682,30073,,,
권선구,소계,30∼34세,28951,27449,26707,,,
권선구,소계,35∼39세,35724,33552,31456,,,
권선구,소계,40∼44세,30241,29832,30593,125457,124370,123776
권선구,소계,45∼49세,32680,31880,31092,,,
권선구,소계,50∼54세,32053,32095,31755,,,
권선구,소계,55∼59세,30483,30563,30336,,,
권선구,소계,60∼64세,21008,22939,24805,57578,61708,66212
권선구,소계,65∼69세,12587,13585,15171,,,
권선구,소계,70∼74 세,9258,9765,10223,,,
권선구,소계,75∼79세,7043,7090,7253,,,
권선구,소계,80∼84세,4471,4823,4953,,,
권선구,소계,85세이상,3211,3506,3807,,,
권선구,세류1동,합계,10876,10581,10438,,,
권선구,세류1동,0∼4세,580,523,485,1691,1582,1503
권선구,세류1동,5∼9세,412,400,402,,,
권선구,세류1동,10∼14세,277,266,278,,,
권선구,세류1동,15∼19세,422,393,338,,,
권선구,세류1동,20∼24세,791,715,660,3566,3324,3201
권선구,세류1동,25∼29세,829,832,825,,,
권선구,세류1동,30∼34세,882,817,785,,,
권선구,세류1동,35∼39세,1064,960,931,,,
권선구,세류1동,40∼44세,726,757,769,3465,3377,3361
권선구,세류1동,45∼49세,799,732,719,,,
권선구,세류1동,50∼54세,987,913,895,,,
권선구,세류1동,55∼59세,953,975,978,,,
권선구,세류1동,60∼64세,732,799,803,2154,2298,2373
권선구,세류1동,65∼69세,496,506,521,,,
권선구,세류1동,70∼74 세,358,393,420,,,
권선구,세류1동,75∼79세,270,269,275,,,
권선구,세류1동,80∼84세,182,188,191,,,
권선구,세류1동,85세이상,116,143,163,,,
권선구,세류2동,합계,25157,24065,23656,,,
권선구,세류2동,0∼4세,646,558,513,3304,2958,2746
권선구,세류2동,5∼9세,728,659,618,,,
권선구,세류2동,10∼14세,819,725,705,,,
권선구,세류2동,15∼19세,1111,1016,910,,,
권선구,세류2동,20∼24세,1693,1542,1483,7922,7314,7177
권선구,세류2동,25∼29세,2196,2084,2111,,,
권선구,세류2동,30∼34세,1974,1809,1833,,,
권선구,세류2동,35∼39세,2059,1879,1750,,,
권선구,세류2동,40∼44세,1777,1715,1730,8598,8221,7968
권선구,세류2동,45∼49세,2199,2090,1988,,,
권선구,세류2동,50∼54세,2289,2191,2131,,,
권선구,세류2동,55∼59세,2333,2225,2119,,,
권선구,세류2동,60∼64세,1894,1952,1980,5333,5572,5765
권선구,세류2동,65∼69세,1181,1280,1380,,,
권선구,세류2동,70∼74 세,878,909,949,,,
권선구,세류2동,75∼79세,699,672,672,,,
권선구,세류2동,80∼84세,407,453,452,,,
권선구,세류2동,85세이상,274,306,332,,,
권선구,세류3동,합계,21407,20157,19309,,,
권선구,세류3동,0∼4세,541,481,402,3139,2778,2488
권선구,세류3동,5∼9세,686,611,549,,,
권선구,세류3동,10∼14세,843,748,708,,,
권선구,세류3동,15∼19세,1069,938,829,,,
권선구,세류3동,20∼24세,1411,1313,1193,6016,5653,5328
권선구,세류3동,25∼29세,1568,1563,1545,,,
권선구,세류3동,30∼34세,1326,1316,1271,,,
권선구,세류3동,35∼39세,1711,1461,1319,,,
권선구,세류3동,40∼44세,1657,1509,1400,7472,6895,6520
권선구,세류3동,45∼49세,1936,1808,1685,,,
권선구,세류3동,50∼54세,1834,1731,1705,,,
권선구,세류3동,55∼59세,2045,1847,1730,,,
권선구,세류3동,60∼64세,1551,1624,1649,4780,4831,4973
권선구,세류3동,65∼69세,1128,1093,1174,,,
권선구,세류3동,70∼74 세,844,860,851,,,
권선구,세류3동,75∼79세,641,619,631,,,
권선구,세류3동,80∼84세,366,390,391,,,
권선구,세류3동,85세이상,250,245,277,,,
권선구,평동,합계,42503,40970,41043,,,
권선구,평동,0∼4세,1780,1632,1534,7610,7030,6753
권선구,평동,5∼9세,1721,1624,1642,,,
권선구,평동,10∼14세,1804,1697,1651,,,
권선구,평동,15∼19세,2305,2077,1926,,,
권선구,평동,20∼24세,3331,3074,2921,12962,12221,12148
권선구,평동,25∼29세,3384,3259,3457,,,
권선구,평동,30∼34세,2983,2802,2790,,,
권선구,평동,35∼39세,3264,3086,2980,,,
권선구,평동,40∼44세,3046,2857,2856,14595,13929,13748
권선구,평동,45∼49세,3676,3374,3314,,,
권선구,평동,50∼54세,4016,3941,3802,,,
권선구,평동,55∼59세,3857,3757,3776,,,
권선구,평동,60∼64세,2639,2881,3142,7336,7790,8394
권선구,평동,65∼69세,1591,1689,1920,,,
권선구,평동,70∼74 세,1187,1219,1264,,,
권선구,평동,75∼79세,881,918,919,,,
권선구,평동,80∼84세,592,592,640,,,
권선구,평동,85세이상,446,491,509,,,
권선구,서둔동,합계,40005,38903,38247,,,
권선구,서둔동,0∼4세,1462,1231,1101,6686,6083,5640
권선구,서둔동,5∼9세,1515,1431,1358,,,
권선구,서둔동,10∼14세,1520,1417,1423,,,
권선구,서둔동,15∼19세,2189,2004,1758,,,
권선구,서둔동,20∼24세,3016,2908,2746,12422,11717,11189
권선구,서둔동,25∼29세,3124,3111,3120,,,
권선구,서둔동,30∼34세,2974,2689,2532,,,
권선구,서둔동,35∼39세,3308,3009,2791,,,
권선구,서둔동,40∼44세,2980,2838,2815,13422,13090,12902
권선구,서둔동,45∼49세,3495,3357,3278,,,
권선구,서둔동,50∼54세,3467,3513,3439,,,
권선구,서둔동,55∼59세,3480,3382,3370,,,
권선구,서둔동,60∼64세,2684,2886,3012,7475,8013,8516
권선구,서둔동,65∼69세,1621,1787,2013,,,
권선구,서둔동,70∼74 세,1229,1282,1331,,,
권선구,서둔동,75∼79세,1013,1050,1083,,,
권선구,서둔동,80∼84세,556,601,643,,,
권선구,서둔동,85세이상,372,407,434,,,
권선구,구운동,합계,25965,25286,24793,,,
권선구,구운동,0∼4세,858,752,657,4133,3791,3517
권선구,구운동,5∼9세,867,814,782,,,
권선구,구운동,10∼14세,1010,958,938,,,
권선구,구운동,15∼19세,1398,1267,1140,,,
권선구,구운동,20∼24세,2010,1921,1813,7866,7465,7206
권선구,구운동,25∼29세,2192,2108,2130,,,
권선구,구운동,30∼34세,1812,1729,1687,,,
권선구,구운동,35∼39세,1852,1707,1576,,,
권선구,구운동,40∼44세,1773,1649,1677,9110,8864,8579
권선구,구운동,45∼49세,2314,2215,2061,,,
권선구,구운동,50∼54세,2500,2471,2408,,,
권선구,구운동,55∼59세,2523,2529,2433,,,
권선구,구운동,60∼64세,1751,1883,2041,4856,5166,5491
권선구,구운동,65∼69세,1055,1129,1250,,,
권선구,구운동,70∼74 세,760,811,854,,,
권선구,구운동,75∼79세,607,600,600,,,
권선구,구운동,80∼84세,415,443,438,,,
권선구,구운동,85세이상,268,300,308,,,
권선구,금곡동,합계,45807,45800,45833,,,
권선구,금곡동,0∼4세,2567,2285,1959,10873,10381,9936
권선구,금곡동,5∼9세,3103,3020,2972,,,
권선구,금곡동,10∼14세,2497,2554,2650,,,
권선구,금곡동,15∼19세,2706,2522,2355,,,
권선구,금곡동,20∼24세,3183,3087,3002,13463,13197,12932
권선구,금곡동,25∼29세,2963,3149,3256,,,
권선구,금곡동,30∼34세,2793,2755,2786,,,
권선구,금곡동,35∼39세,4524,4206,3888,,,
권선구,금곡동,40∼44세,3889,3977,4095,15402,15633,15780
권선구,금곡동,45∼49세,4151,4084,4022,,,
권선구,금곡동,50∼54세,3969,4028,4067,,,
권선구,금곡동,55∼59세,3393,3544,3596,,,
권선구,금곡동,60∼64세,2107,2338,2641,6069,6589,7185
권선구,금곡동,65∼69세,1288,1414,1549,,,
권선구,금곡동,70∼74 세,1028,1091,1154,,,
권선구,금곡동,75∼79세,765,761,788,,,
권선구,금곡동,80∼84세,499,558,564,,,
권선구,금곡동,85세이상,382,427,489,,,
권선구,호매실동,합계,42890,45780,46514,,,
권선구,호매실동,0∼4세,3757,3617,3207,11042,11624,11671
권선구,호매실동,5∼9세,3281,3651,3921,,,
권선구,호매실동,10∼14세,2070,2308,2551,,,
권선구,호매실동,15∼19세,1934,2048,1992,,,
권선구,호매실동,20∼24세,2350,2426,2364,14846,15041,14336
권선구,호매실동,25∼29세,2668,2781,2720,,,
권선구,호매실동,30∼34세,4030,3873,3562,,,
권선구,호매실동,35∼39세,5798,5961,5690,,,
권선구,호매실동,40∼44세,3785,4328,4876,12110,13606,14382
권선구,호매실동,45∼49세,3024,3363,3491,,,
권선구,호매실동,50∼54세,2725,2993,3100,,,
권선구,호매실동,55∼59세,2576,2922,2915,,,
권선구,호매실동,60∼64세,1858,2136,2389,4892,5509,6125
권선구,호매실동,65∼69세,999,1174,1388,,,
권선구,호매실동,70∼74 세,858,935,942,,,
권선구,호매실동,75∼79세,544,560,629,,,
권선구,호매실동,80∼84세,375,419,437,,,
권선구,호매실동,85세이상,258,285,340,,,
권선구,권선1동,합계,25382,24834,24858,,,
권선구,권선1동,0∼4세,806,695,622,3643,3305,3041
권선구,권선1동,5∼9세,788,734,685,,,
권선구,권선1동,10∼14세,848,795,813,,,
권선구,권선1동,15∼19세,1201,1081,921,,,
권선구,권선1동,20∼24세,1961,1908,1851,9402,9346,9517
권선구,권선1동,25∼29세,2782,2975,3190,,,
권선구,권선1동,30∼34세,2420,2363,2459,,,
권선구,권선1동,35∼39세,2239,2100,2017,,,
권선구,권선1동,40∼44세,1889,1721,1725,8454,8107,7900
권선구,권선1동,45∼49세,2143,2019,1975,,,
권선구,권선1동,50∼54세,2224,2186,2070,,,
권선구,권선1동,55∼59세,2198,2181,2130,,,
권선구,권선1동,60∼64세,1493,1596,1753,3883,4076,4400
권선구,권선1동,65∼69세,874,936,1024,,,
권선구,권선1동,70∼74 세,582,595,658,,,
권선구,권선1동,75∼79세,423,421,432,,,
권선구,권선1동,80∼84세,309,306,309,,,
권선구,권선1동,85세이상,202,222,224,,,
권선구,권선2동,합계,51369,50334,49547,,,
권선구,권선2동,0∼4세,3193,2787,2434,12441,11708,11183
권선구,권선2동,5∼9세,3403,3341,3270,,,
권선구,권선2동,10∼14세,2741,2669,2776,,,
권선구,권선2동,15∼19세,3104,2911,2703,,,
권선구,권선2동,20∼24세,3515,3392,3231,16320,15487,14718
권선구,권선2동,25∼29세,3748,3623,3526,,,
권선구,권선2동,30∼34세,3767,3579,3447,,,
권선구,권선2동,35∼39세,5290,4893,4514,,,
권선구,권선2동,40∼44세,4570,4518,4706,17095,17008,16963
권선구,권선2동,45∼49세,4501,4432,4313,,,
권선구,권선2동,50∼54세,4188,4258,4146,,,
권선구,권선2동,55∼59세,3836,3800,3798,,,
권선구,권선2동,60∼64세,2319,2605,2872,5513,6131,6683
권선구,권선2동,65∼69세,1203,1359,1573,,,
권선구,권선2동,70∼74 세,762,849,914,,,
권선구,권선2동,75∼79세,561,577,580,,,
권선구,권선2동,80∼84세,367,423,413,,,
권선구,권선2동,85세이상,301,318,331,,,
권선구,곡선동,합계,28651,27863,27498,,,
권선구,곡선동,0∼4세,1059,867,760,4712,4329,3959
권선구,곡선동,5∼9세,1043,993,920,,,
권선구,곡선동,10∼14세,1098,1067,1044,,,
권선구,곡선동,15∼19세,1512,1402,1235,,,
권선구,곡선동,20∼24세,2323,2203,2121,11625,10993,10589
권선구,곡선동,25∼29세,3377,3203,3182,,,
권선구,곡선동,30∼34세,3026,2840,2688,,,
권선구,곡선동,35∼39세,2899,2747,2598,,,
권선구,곡선동,40∼44세,2439,2361,2406,9549,9538,9594
권선구,곡선동,45∼49세,2711,2679,2561,,,
권선구,곡선동,50∼54세,2432,2402,2452,,,
권선구,곡선동,55∼59세,1967,2096,2175,,,
권선구,곡선동,60∼64세,1084,1208,1378,2765,3003,3356
권선구,곡선동,65∼69세,564,631,714,,,
권선구,곡선동,70∼74 세,393,399,437,,,
권선구,곡선동,75∼79세,309,319,328,,,
권선구,곡선동,80∼84세,222,243,267,,,
권선구,곡선동,85세이상,193,203,232,,,
권선구,입북동,합계,17635,17181,16909,,,
권선구,입북동,0∼4세,1000,846,681,4166,3890,3554
권선구,입북동,5∼9세,1139,1107,1038,,,
권선구,입북동,10∼14세,1021,974,944,,,
권선구,입북동,15∼19세,1006,963,891,,,
권선구,입북동,20∼24세,1089,1045,1045,4762,4459,4325
권선구,입북동,25∼29세,993,994,1011,,,
권선구,입북동,30∼34세,964,877,867,,,
권선구,입북동,35∼39세,1716,1543,1402,,,
권선구,입북동,40∼44세,1710,1602,1538,6185,6102,6079
권선구,입북동,45∼49세,1731,1727,1685,,,
권선구,입북동,50∼54세,1422,1468,1540,,,
권선구,입북동,55∼59세,1322,1305,1316,,,
권선구,입북동,60∼64세,896,1031,1145,2522,2730,2951
권선구,입북동,65∼69세,587,587,665,,,
권선구,입북동,70∼74 세,379,422,449,,,
권선구,입북동,75∼79세,330,324,316,,,
권선구,입북동,80∼84세,181,207,208,,,
권선구,입북동,85세이상,149,159,168,,,
팔달구,소계,합계,180974,175866,174930,,,
팔달구,소계,0∼4세,5438,4645,4119,27663,25248,23323
팔달구,소계,5∼9세,6235,5812,5364,,,
팔달구,소계,10∼14세,6786,6282,6155,,,
팔달구,소계,15∼19세,9204,8509,7685,,,
팔달구,소계,20∼24세,13107,12632,12530,55281,53493,53679
팔달구,소계,25∼29세,15297,15539,16450,,,
팔달구,소계,30∼34세,12692,12360,12589,,,
팔달구,소계,35∼39세,14185,12962,12110,,,
팔달구,소계,40∼44세,13602,12782,12474,61181,59075,57870
팔달구,소계,45∼49세,16194,15470,14851,,,
팔달구,소계,50∼54세,15598,15303,15554,,,
팔달구,소계,55∼59세,15787,15520,14991,,,
팔달구,소계,60∼64세,12258,12696,13221,36849,38050,40058
팔달구,소계,65∼69세,8094,8427,9229,,,
팔달구,소계,70∼74 세,6365,6471,6706,,,
팔달구,소계,75∼79세,5030,5099,5195,,,
팔달구,소계,80∼84세,3046,3167,3323,,,
팔달구,소계,85세이상,2056,2190,2384,,,
팔달구,행궁동,합계,11140,10927,10916,,,
팔달구,행궁동,0∼4세,152,143,143,882,793,742
팔달구,행궁동,5∼9세,166,141,129,,,
팔달구,행궁동,10∼14세,207,181,186,,,
팔달구,행궁동,15∼19세,357,328,284,,,
팔달구,행궁동,20∼24세,645,617,600,2836,2806,2811
팔달구,행궁동,25∼29세,828,871,903,,,
팔달구,행궁동,30∼34세,623,648,737,,,
팔달구,행궁동,35∼39세,740,670,571,,,
팔달구,행궁동,40∼44세,661,642,673,3860,3737,3649
팔달구,행궁동,45∼49세,941,870,819,,,
팔달구,행궁동,50∼54세,1052,1039,992,,,
팔달구,행궁동,55∼59세,1206,1186,1165,,,
팔달구,행궁동,60∼64세,1101,1085,1107,3562,3591,3714
팔달구,행궁동,65∼69세,801,833,883,,,
팔달구,행궁동,70∼74 세,648,616,614,,,
팔달구,행궁동,75∼79세,502,522,546,,,
팔달구,행궁동,80∼84세,300,302,316,,,
팔달구,행궁동,85세이상,210,233,248,,,
팔달구,매교동,합계,6710,5946,5988,,,
팔달구,매교동,0∼4세,147,122,122,661,573,551
팔달구,매교동,5∼9세,146,132,116,,,
팔달구,매교동,10∼14세,133,124,129,,,
팔달구,매교동,15∼19세,235,195,184,,,
팔달구,매교동,20∼24세,374,333,347,1935,1754,1832
팔달구,매교동,25∼29세,584,541,565,,,
팔달구,매교동,30∼34세,489,454,504,,,
팔달구,매교동,35∼39세,488,426,416,,,
팔달구,매교동,40∼44세,463,418,380,2301,2024,1956
팔달구,매교동,45∼49세,553,478,482,,,
팔달구,매교동,50∼54세,617,523,533,,,
팔달구,매교동,55∼59세,668,605,561,,,
팔달구,매교동,60∼64세,609,519,536,1813,1595,1649
팔달구,매교동,65∼69세,391,340,365,,,
팔달구,매교동,70∼74 세,296,269,271,,,
팔달구,매교동,75∼79세,259,230,231,,,
팔달구,매교동,80∼84세,161,151,145,,,
팔달구,매교동,85세이상,97,86,101,,,
팔달구,매산동,합계,10860,10659,10677,,,
팔달구,매산동,0∼4세,253,236,212,1069,1000,913
팔달구,매산동,5∼9세,242,231,203,,,
팔달구,매산동,10∼14세,220,209,209,,,
팔달구,매산동,15∼19세,354,324,289,,,
팔달구,매산동,20∼24세,873,810,797,3748,3599,3548
팔달구,매산동,25∼29세,1077,1058,1083,,,
팔달구,매산동,30∼34세,873,865,828,,,
팔달구,매산동,35∼39세,925,866,840,,,
팔달구,매산동,40∼44세,672,666,691,3511,3400,3402
팔달구,매산동,45∼49세,831,790,751,,,
팔달구,매산동,50∼54세,954,944,982,,,
팔달구,매산동,55∼59세,1054,1000,978,,,
팔달구,매산동,60∼64세,838,878,935,2532,2660,2814
팔달구,매산동,65∼69세,590,627,660,,,
팔달구,매산동,70∼74 세,412,430,474,,,
팔달구,매산동,75∼79세,336,346,351,,,
팔달구,매산동,80∼84세,208,230,237,,,
팔달구,매산동,85세이상,148,149,157,,,
팔달구,고등동,합계,9609,9263,9191,,,
팔달구,고등동,0∼4세,198,197,144,1122,1047,914
팔달구,고등동,5∼9세,241,207,190,,,
팔달구,고등동,10∼14세,296,274,269,,,
팔달구,고등동,15∼19세,387,369,311,,,
팔달구,고등동,20∼24세,585,527,530,2508,2285,2323
팔달구,고등동,25∼29세,660,627,682,,,
팔달구,고등동,30∼34세,596,551,556,,,
팔달구,고등동,35∼39세,667,580,555,,,
팔달구,고등동,40∼44세,660,604,593,3327,3196,3060
팔달구,고등동,45∼49세,831,826,718,,,
팔달구,고등동,50∼54세,870,827,849,,,
팔달구,고등동,55∼59세,966,939,900,,,
팔달구,고등동,60∼64세,824,828,852,2652,2735,2894
팔달구,고등동,65∼69세,576,609,670,,,
팔달구,고등동,70∼74 세,511,522,530,,,
팔달구,고등동,75∼79세,404,385,422,,,
팔달구,고등동,80∼84세,191,229,241,,,
팔달구,고등동,85세이상,146,162,179,,,
팔달구,화서1동,합계,24487,23594,23268,,,
팔달구,화서1동,0∼4세,761,668,613,4292,3923,3708
팔달구,화서1동,5∼9세,1028,934,901,,,
팔달구,화서1동,10∼14세,1066,987,982,,,
팔달구,화서1동,15∼19세,1437,1334,1212,,,
팔달구,화서1동,20∼24세,1798,1716,1626,6514,6079,5832
팔달구,화서1동,25∼29세,1590,1514,1566,,,
팔달구,화서1동,30∼34세,1281,1194,1184,,,
팔달구,화서1동,35∼39세,1845,1655,1456,,,
팔달구,화서1동,40∼44세,1894,1760,1712,8506,8199,8047
팔달구,화서1동,45∼49세,2333,2213,2175,,,
팔달구,화서1동,50∼54세,2065,2092,2116,,,
팔달구,화서1동,55∼59세,2214,2134,2044,,,
팔달구,화서1동,60∼64세,1665,1763,1848,5175,5393,5681
팔달구,화서1동,65∼69세,1184,1217,1288,,,
팔달구,화서1동,70∼74 세,908,953,1030,,,
팔달구,화서1동,75∼79세,702,729,744,,,
팔달구,화서1동,80∼84세,423,423,454,,,
팔달구,화서1동,85세이상,293,308,317,,,
팔달구,화서2동,합계,27933,27271,26802,,,
팔달구,화서2동,0∼4세,1130,1012,867,5807,5418,5030
팔달구,화서2동,5∼9세,1251,1212,1142,,,
팔달구,화서2동,10∼14세,1502,1390,1356,,,
팔달구,화서2동,15∼19세,1924,1804,1665,,,
팔달구,화서2동,20∼24세,2242,2124,2060,8074,7816,7575
팔달구,화서2동,25∼29세,2058,2049,2068,,,
팔달구,화서2동,30∼34세,1708,1663,1695,,,
팔달구,화서2동,35∼39세,2066,1980,1752,,,
팔달구,화서2동,40∼44세,2278,2056,2000,10073,9836,9699
팔달구,화서2동,45∼49세,2718,2664,2546,,,
팔달구,화서2동,50∼54세,2739,2693,2723,,,
팔달구,화서2동,55∼59세,2338,2423,2430,,,
팔달구,화서2동,60∼64세,1351,1473,1629,3979,4201,4498
팔달구,화서2동,65∼69세,831,866,974,,,
팔달구,화서2동,70∼74 세,640,660,664,,,
팔달구,화서2동,75∼79세,540,563,552,,,
팔달구,화서2동,80∼84세,394,391,406,,,
팔달구,화서2동,85세이상,223,248,273,,,
팔달구,지동,합계,13125,11836,11306,,,
팔달구,지동,0∼4세,246,196,171,1534,1281,1139
팔달구,지동,5∼9세,335,281,247,,,
팔달구,지동,10∼14세,386,336,326,,,
팔달구,지동,15∼19세,567,468,395,,,
팔달구,지동,20∼24세,756,655,618,3139,2724,2560
팔달구,지동,25∼29세,826,730,739,,,
팔달구,지동,30∼34세,707,643,601,,,
팔달구,지동,35∼39세,850,696,602,,,
팔달구,지동,40∼44세,939,794,745,4552,4009,3761
팔달구,지동,45∼49세,1127,978,900,,,
팔달구,지동,50∼54세,1161,1046,1045,,,
팔달구,지동,55∼59세,1325,1191,1071,,,
팔달구,지동,60∼64세,1258,1208,1176,3900,3822,3846
팔달구,지동,65∼69세,838,848,874,,,
팔달구,지동,70∼74 세,685,682,686,,,
팔달구,지동,75∼79세,582,540,520,,,
팔달구,지동,80∼84세,333,329,342,,,
팔달구,지동,85세이상,204,215,248,,,
팔달구,우만1동,합계,21448,21102,20471,,,
팔달구,우만1동,0∼4세,615,495,410,2988,2649,2307
팔달구,우만1동,5∼9세,587,546,489,,,
팔달구,우만1동,10∼14세,675,640,602,,,
팔달구,우만1동,15∼19세,1111,968,806,,,
팔달구,우만1동,20∼24세,1494,1446,1373,6568,6349,6179
팔달구,우만1동,25∼29세,1855,1836,1884,,,
팔달구,우만1동,30∼34세,1581,1527,1507,,,
팔달구,우만1동,35∼39세,1638,1540,1415,,,
팔달구,우만1동,40∼44세,1501,1408,1315,7192,7081,6694
팔달구,우만1동,45∼49세,1898,1852,1702,,,
팔달구,우만1동,50∼54세,1888,1858,1830,,,
팔달구,우만1동,55∼59세,1905,1963,1847,,,
팔달구,우만1동,60∼64세,1505,1633,1682,4700,5023,5291
팔달구,우만1동,65∼69세,1037,1094,1247,,,
팔달구,우만1동,70∼74 세,860,917,930,,,
팔달구,우만1동,75∼79세,645,698,712,,,
팔달구,우만1동,80∼84세,392,401,422,,,
팔달구,우만1동,85세이상,261,280,298,,,
팔달구,우만2동,합계,17818,17415,17242,,,
팔달구,우만2동,0∼4세,655,549,468,3533,3274,3002
팔달구,우만2동,5∼9세,813,765,715,,,
팔달구,우만2동,10∼14세,855,803,776,,,
팔달구,우만2동,15∼19세,1210,1157,1043,,,
팔달구,우만2동,20∼24세,1667,1665,1764,5985,5837,5861
팔달구,우만2동,25∼29세,1785,1848,1902,,,
팔달구,우만2동,30∼34세,1211,1164,1142,,,
팔달구,우만2동,35∼39세,1322,1160,1053,,,
팔달구,우만2동,40∼44세,1351,1306,1270,5683,5536,5477
팔달구,우만2동,45∼49세,1647,1537,1490,,,
팔달구,우만2동,50∼54세,1407,1403,1448,,,
팔달구,우만2동,55∼59세,1278,1290,1269,,,
팔달구,우만2동,60∼64세,942,1019,1037,2617,2768,2902
팔달구,우만2동,65∼69세,554,592,668,,,
팔달구,우만2동,70∼74 세,428,437,449,,,
팔달구,우만2동,75∼79세,333,337,338,,,
팔달구,우만2동,80∼84세,195,220,232,,,
팔달구,우만2동,85세이상,165,163,178,,,
팔달구,인계동,합계,37844,37853,39069,,,
팔달구,인계동,0∼4세,1281,1027,969,5775,5290,5017
팔달구,인계동,5∼9세,1426,1363,1232,,,
팔달구,인계동,10∼14세,1446,1338,1320,,,
팔달구,인계동,15∼19세,1622,1562,1496,,,
팔달구,인계동,20∼24세,2673,2739,2815,13974,14244,15158
팔달구,인계동,25∼29세,4034,4465,5058,,,
팔달구,인계동,30∼34세,3623,3651,3835,,,
팔달구,인계동,35∼39세,3644,3389,3450,,,
팔달구,인계동,40∼44세,3183,3128,3095,12176,12057,12125
팔달구,인계동,45∼49세,3315,3262,3268,,,
팔달구,인계동,50∼54세,2845,2878,3036,,,
팔달구,인계동,55∼59세,2833,2789,2726,,,
팔달구,인계동,60∼64세,2165,2290,2419,5919,6262,6769
팔달구,인계동,65∼69세,1292,1401,1600,,,
팔달구,인계동,70∼74 세,977,985,1058,,,
팔달구,인계동,75∼79세,727,749,779,,,
팔달구,인계동,80∼84세,449,491,528,,,
팔달구,인계동,85세이상,309,346,385,,,
영통구,소계,합계,356112,368468,368842,,,
영통구,소계,0∼4세,18086,17599,15529,82386,82790,79137
영통구,소계,5∼9세,20634,21498,21249,,,
영통구,소계,10∼14세,20552,20901,21365,,,
영통구,소계,15∼19세,23114,22792,20994,,,
영통구,소계,20∼24세,26380,26435,26467,120554,123308,122181
영통구,소계,25∼29세,30938,32401,32656,,,
영통구,소계,30∼34세,28769,30063,30161,,,
영통구,소계,35∼39세,34467,34409,32897,,,
영통구,소계,40∼44세,32217,33694,34165,116601,121703,123108
영통구,소계,45∼49세,34527,34911,34349,,,
영통구,소계,50∼54세,27364,29182,30238,,,
영통구,소계,55∼59세,22493,23916,24356,,,
영통구,소계,60∼64세,13653,15722,17381,36571,40667,44416
영통구,소계,65∼69세,7780,8546,9750,,,
영통구,소계,70∼74 세,5591,6180,6592,,,
영통구,소계,75∼79세,4465,4690,4803,,,
영통구,소계,80∼84세,2923,3137,3253,,,
영통구,소계,85세이상,2159,2392,2637,,,
영통구,매탄1동,합계,19767,18961,18335,,,
영통구,매탄1동,0∼4세,693,564,476,3835,3422,3078
영통구,매탄1동,5∼9세,837,749,683,,,
영통구,매탄1동,10∼14세,996,876,799,,,
영통구,매탄1동,15∼19세,1309,1233,1120,,,
영통구,매탄1동,20∼24세,1605,1540,1490,6144,5846,5537
영통구,매탄1동,25∼29세,1717,1712,1646,,,
영통구,매탄1동,30∼34세,1257,1185,1128,,,
영통구,매탄1동,35∼39세,1565,1409,1273,,,
영통구,매탄1동,40∼44세,1562,1429,1349,6788,6561,6335
영통구,매탄1동,45∼49세,1925,1816,1652,,,
영통구,매탄1동,50∼54세,1750,1751,1786,,,
영통구,매탄1동,55∼59세,1551,1565,1548,,,
영통구,매탄1동,60∼64세,1092,1190,1251,3000,3132,3385
영통구,매탄1동,65∼69세,676,694,831,,,
영통구,매탄1동,70∼74 세,497,533,560,,,
영통구,매탄1동,75∼79세,362,337,346,,,
영통구,매탄1동,80∼84세,221,217,222,,,
영통구,매탄1동,85세이상,152,161,175,,,
영통구,매탄2동,합계,15789,15388,15162,,,
영통구,매탄2동,0∼4세,525,449,359,2996,2684,2443
영통구,매탄2동,5∼9세,619,569,556,,,
영통구,매탄2동,10∼14세,790,735,687,,,
영통구,매탄2동,15∼19세,1062,931,841,,,
영통구,매탄2동,20∼24세,1197,1162,1161,4620,4560,4464
영통구,매탄2동,25∼29세,1270,1360,1344,,,
영통구,매탄2동,30∼34세,962,971,956,,,
영통구,매탄2동,35∼39세,1191,1067,1003,,,
영통구,매탄2동,40∼44세,1213,1123,1099,5521,5323,5221
영통구,매탄2동,45∼49세,1555,1429,1341,,,
영통구,매탄2동,50∼54세,1400,1436,1457,,,
영통구,매탄2동,55∼59세,1353,1335,1324,,,
영통구,매탄2동,60∼64세,961,1033,1121,2652,2821,3034
영통구,매탄2동,65∼69세,561,584,651,,,
영통구,매탄2동,70∼74 세,427,463,483,,,
영통구,매탄2동,75∼79세,331,342,367,,,
영통구,매탄2동,80∼84세,210,223,225,,,
영통구,매탄2동,85세이상,162,176,187,,,
영통구,매탄3동,합계,37649,36568,36279,,,
영통구,매탄3동,0∼4세,1386,1223,1112,8337,7766,7365
영통구,매탄3동,5∼9세,2108,1929,1801,,,
영통구,매탄3동,10∼14세,2208,2094,2129,,,
영통구,매탄3동,15∼19세,2635,2520,2323,,,
영통구,매탄3동,20∼24세,3103,2905,2838,12856,12266,11952
영통구,매탄3동,25∼29세,3785,3683,3646,,,
영통구,매탄3동,30∼34세,2787,2784,2716,,,
영통구,매탄3동,35∼39세,3181,2894,2752,,,
영통구,매탄3동,40∼44세,3418,3256,3225,12595,12381,12422
영통구,매탄3동,45∼49세,3839,3620,3598,,,
영통구,매탄3동,50∼54세,2947,3091,3186,,,
영통구,매탄3동,55∼59세,2391,2414,2413,,,
영통구,매탄3동,60∼64세,1438,1592,1758,3861,4155,4540
영통구,매탄3동,65∼69세,800,862,970,,,
영통구,매탄3동,70∼74 세,585,628,699,,,
영통구,매탄3동,75∼79세,463,465,460,,,
영통구,매탄3동,80∼84세,334,335,348,,,
영통구,매탄3동,85세이상,241,273,305,,,
영통구,매탄4동,합계,23394,22512,22021,,,
영통구,매탄4동,0∼4세,918,768,617,4555,4098,3639
영통구,매탄4동,5∼9세,907,799,751,,,
영통구,매탄4동,10∼14세,1134,1031,970,,,
영통구,매탄4동,15∼19세,1596,1500,1301,,,
영통구,매탄4동,20∼24세,1892,1778,1755,7543,7091,6989
영통구,매탄4동,25∼29세,1991,2014,2014,,,
영통구,매탄4동,30∼34세,1783,1675,1687,,,
영통구,매탄4동,35∼39세,1877,1624,1533,,,
영통구,매탄4동,40∼44세,1866,1790,1674,7973,7735,7521
영통구,매탄4동,45∼49세,2294,2180,2071,,,
영통구,매탄4동,50∼54세,1974,1980,2034,,,
영통구,매탄4동,55∼59세,1839,1785,1742,,,
영통구,매탄4동,60∼64세,1224,1370,1471,3323,3588,3872
영통구,매탄4동,65∼69세,704,769,876,,,
영통구,매탄4동,70∼74 세,495,513,561,,,
영통구,매탄4동,75∼79세,389,415,431,,,
영통구,매탄4동,80∼84세,294,304,289,,,
영통구,매탄4동,85세이상,217,217,244,,,
영통구,원천동,합계,28920,38545,39135,,,
영통구,원천동,0∼4세,1572,2106,1850,5677,8226,8086
영통구,원천동,5∼9세,1600,2591,2651,,,
영통구,원천동,10∼14세,1162,1807,2009,,,
영통구,원천동,15∼19세,1343,1722,1576,,,
영통구,원천동,20∼24세,2316,2793,2720,11766,14424,14048
영통구,원천동,25∼29세,3163,3687,3815,,,
영통구,원천동,30∼34세,2958,3600,3455,,,
영통구,원천동,35∼39세,3329,4344,4058,,,
영통구,원천동,40∼44세,2554,3788,4005,8062,11436,12042
영통구,원천동,45∼49세,2178,3064,3265,,,
영통구,원천동,50∼54세,1753,2437,2575,,,
영통구,원천동,55∼59세,1577,2147,2197,,,
영통구,원천동,60∼64세,1295,1697,1831,3415,4459,4959
영통구,원천동,65∼69세,774,983,1179,,,
영통구,원천동,70∼74 세,527,704,761,,,
영통구,원천동,75∼79세,400,510,542,,,
영통구,원천동,80∼84세,248,316,355,,,
영통구,원천동,85세이상,171,249,291,,,
영통구,광교1동,합계,52391,52131,53205,,,
영통구,광교1동,0∼4세,2716,2412,2123,13616,12955,12490
영통구,광교1동,5∼9세,3736,3591,3510,,,
영통구,광교1동,10∼14세,3713,3617,3706,,,
영통구,광교1동,15∼19세,3451,3335,3151,,,
영통구,광교1동,20∼24세,3383,3412,3654,17486,17337,17982
영통구,광교1동,25∼29세,4325,4525,4796,,,
영통구,광교1동,30∼34세,4348,4353,4610,,,
영통구,광교1동,35∼39세,5430,5047,4922,,,
영통구,광교1동,40∼44세,5517,5427,5535,17227,17460,17976
영통구,광교1동,45∼49세,5328,5241,5261,,,
영통구,광교1동,50∼54세,3606,3851,4139,,,
영통구,광교1동,55∼59세,2776,2941,3041,,,
영통구,광교1동,60∼64세,1565,1751,1974,4062,4379,4757
영통구,광교1동,65∼69세,927,975,1022,,,
영통구,광교1동,70∼74 세,604,645,717,,,
영통구,광교1동,75∼79세,437,465,482,,,
영통구,광교1동,80∼84세,293,310,306,,,
영통구,광교1동,85세이상,236,233,256,,,
영통구,광교2동,합계,28249,27979,29057,,,
영통구,광교2동,0∼4세,1854,1624,1502,6896,6528,6443
영통구,광교2동,5∼9세,2090,1972,1948,,,
영통구,광교2동,10∼14세,1516,1528,1610,,,
영통구,광교2동,15∼19세,1436,1404,1383,,,
영통구,광교2동,20∼24세,1492,1449,1552,8762,8459,8618
영통구,광교2동,25∼29세,1486,1581,1653,,,
영통구,광교2동,30∼34세,2171,2100,2148,,,
영통구,광교2동,35∼39세,3613,3329,3265,,,
영통구,광교2동,40∼44세,2703,2773,2998,8904,9060,9637
영통구,광교2동,45∼49세,2394,2434,2522,,,
영통구,광교2동,50∼54세,1959,2002,2190,,,
영통구,광교2동,55∼59세,1848,1851,1927,,,
영통구,광교2동,60∼64세,1318,1441,1592,3687,3932,4359
영통구,광교2동,65∼69세,857,901,1055,,,
영통구,광교2동,70∼74 세,609,654,714,,,
영통구,광교2동,75∼79세,461,458,457,,,
영통구,광교2동,80∼84세,248,271,302,,,
영통구,광교2동,85세이상,194,207,239,,,
영통구,영통1동,합계,36348,36509,35948,,,
영통구,영통1동,0∼4세,2079,1823,1542,9436,9078,8562
영통구,영통1동,5∼9세,2208,2140,2117,,,
영통구,영통1동,10∼14세,2460,2507,2483,,,
영통구,영통1동,15∼19세,2689,2608,2420,,,
영통구,영통1동,20∼24세,2539,2507,2424,10946,10695,10453
영통구,영통1동,25∼29세,2336,2484,2503,,,
영통구,영통1동,30∼34세,2719,2645,2589,,,
영통구,영통1동,35∼39세,3352,3059,2937,,,
영통구,영통1동,40∼44세,3379,3411,3350,12646,12992,12862
영통구,영통1동,45∼49세,3947,3966,3822,,,
영통구,영통1동,50∼54세,3001,3164,3149,,,
영통구,영통1동,55∼59세,2319,2451,2541,,,
영통구,영통1동,60∼64세,1189,1396,1629,3320,3744,4071
영통구,영통1동,65∼69세,668,751,794,,,
영통구,영통1동,70∼74 세,507,549,553,,,
영통구,영통1동,75∼79세,439,468,484,,,
영통구,영통1동,80∼84세,297,347,361,,,
영통구,영통1동,85세이상,220,233,250,,,
영통구,영통2동,합계,27699,26631,26744,,,
영통구,영통2동,0∼4세,1866,1573,1442,5655,5058,4798
영통구,영통2동,5∼9세,1324,1188,1175,,,
영통구,영통2동,10∼14세,1093,1045,1067,,,
영통구,영통2동,15∼19세,1372,1252,1114,,,
영통구,영통2동,20∼24세,1769,1703,1663,12986,12397,12424
영통구,영통2동,25∼29세,4198,4107,3982,,,
영통구,영통2동,30∼34세,3848,3743,3961,,,
영통구,영통2동,35∼39세,3171,2844,2818,,,
영통구,영통2동,40∼44세,2257,2198,2242,7291,7236,7394
영통구,영통2동,45∼49세,2167,2083,2016,,,
영통구,영통2동,50∼54세,1693,1709,1816,,,
영통구,영통2동,55∼59세,1174,1246,1320,,,
영통구,영통2동,60∼64세,610,706,796,1767,1940,2128
영통구,영통2동,65∼69세,331,347,418,,,
영통구,영통2동,70∼74 세,282,311,313,,,
영통구,영통2동,75∼79세,270,279,276,,,
영통구,영통2동,80∼84세,166,170,185,,,
영통구,영통2동,85세이상,108,127,140,,,
영통구,영통3동,합계,33409,32993,32908,,,
영통구,영통3동,0∼4세,1339,1184,1040,7767,7359,6968
영통구,영통3동,5∼9세,1737,1670,1590,,,
영통구,영통3동,10∼14세,2135,2035,2121,,,
영통구,영통3동,15∼19세,2556,2470,2217,,,
영통구,영통3동,20∼24세,3182,3128,3284,10899,10799,10932
영통구,영통3동,25∼29세,3039,3121,3196,,,
영통구,영통3동,30∼34세,2181,2232,2252,,,
영통구,영통3동,35∼39세,2497,2318,2200,,,
영통구,영통3동,40∼44세,2981,2835,2746,11803,11623,11501
영통구,영통3동,45∼49세,3640,3500,3373,,,
영통구,영통3동,50∼54세,2939,2950,2984,,,
영통구,영통3동,55∼59세,2243,2338,2398,,,
영통구,영통3동,60∼64세,1165,1340,1484,2940,3212,3507
영통구,영통3동,65∼69세,525,581,685,,,
영통구,영통3동,70∼74 세,423,440,454,,,
영통구,영통3동,75∼79세,356,355,359,,,
영통구,영통3동,80∼84세,266,263,279,,,
영통구,영통3동,85세이상,205,233,246,,,
영통구,망포1동,합계,-,32002,31693,,,
영통구,망포1동,0∼4세,-,1681,1521,0,7933,7645
영통구,망포1동,5∼9세,-,2013,2020,,,
영통구,망포1동,10∼14세,-,2026,2063,,,
영통구,망포1동,15∼19세,-,2213,2041,,,
영통구,망포1동,20∼24세,-,2335,2253,0,9821,9588
영통구,망포1동,25∼29세,-,2357,2329,,,
영통구,망포1동,30∼34세,-,2215,2232,,,
영통구,망포1동,35∼39세,-,2914,2774,,,
영통구,망포1동,40∼44세,-,2863,2881,0,11120,11036
영통구,망포1동,45∼49세,-,3162,3000,,,
영통구,망포1동,50∼54세,-,2815,2831,,,
영통구,망포1동,55∼59세,-,2280,2324,,,
영통구,망포1동,60∼64세,-,1284,1418,0,3128,3424
영통구,망포1동,65∼69세,-,655,778,,,
영통구,망포1동,70∼74 세,-,443,462,,,
영통구,망포1동,75∼79세,-,362,369,,,
영통구,망포1동,80∼84세,-,210,215,,,
영통구,망포1동,85세이상,-,174,182,,,
영통구,망포2동,합계,-,28249,28355,,,
영통구,망포2동,0∼4세,-,2192,1945,0,7683,7620
영통구,망포2동,5∼9세,-,2287,2447,,,
영통구,망포2동,10∼14세,-,1600,1721,,,
영통구,망포2동,15∼19세,-,1604,1507,,,
영통구,망포2동,20∼24세,-,1723,1673,0,9613,9194
영통구,망포2동,25∼29세,-,1770,1732,,,
영통구,망포2동,30∼34세,-,2560,2427,,,
영통구,망포2동,35∼39세,-,3560,3362,,,
영통구,망포2동,40∼44세,-,2801,3061,0,8776,9161
영통구,망포2동,45∼49세,-,2416,2428,,,
영통구,망포2동,50∼54세,-,1996,2091,,,
영통구,망포2동,55∼59세,-,1563,1581,,,
영통구,망포2동,60∼64세,-,922,1056,0,2177,2380
영통구,망포2동,65∼69세,-,444,491,,,
영통구,망포2동,70∼74 세,-,297,315,,,
영통구,망포2동,75∼79세,-,234,230,,,
영통구,망포2동,80∼84세,-,171,166,,,
영통구,망포2동,85세이상,-,109,122,,,
영통구,태장동,합계,52497,-,-,,,
영통구,태장동,0∼4세,3138,-,-,13616,0,0
영통구,태장동,5∼9세,3468,-,-,,,
영통구,태장동,10∼14세,3345,-,-,,,
영통구,태장동,15∼19세,3665,-,-,,,
영통구,태장동,20∼24세,3902,-,-,16546,0,0
영통구,태장동,25∼29세,3628,-,-,,,
영통구,태장동,30∼34세,3755,-,-,,,
영통구,태장동,35∼39세,5261,-,-,,,
영통구,태장동,40∼44세,4767,-,-,17791,0,0
영통구,태장동,45∼49세,5260,-,-,,,
영통구,태장동,50∼54세,4342,-,-,,,
영통구,태장동,55∼59세,3422,-,-,,,
영통구,태장동,60∼64세,1796,-,-,4544,0,0
영통구,태장동,65∼69세,957,-,-,,,
영통구,태장동,70∼74 세,635,-,-,,,
영통구,태장동,75∼79세,557,-,-,,,
영통구,태장동,80∼84세,346,-,-,,,
영통구,태장동,85세이상,253,-,-,,,
